{"noiseKey":{"private":{"type":"Buffer","data":"uOwMwfcRJG8AwkxjkY6yR8b+4X3XmF+oAezA0IhcIVg="},"public":{"type":"Buffer","data":"8ydzt5FKVL0ofF9we1zO76h+YanJHEdvA1W7mYlYczM="}},"signedIdentityKey":{"private":{"type":"Buffer","data":"kDQvUCCNiYIobC+p4IPIQS7SGSiXVlnnRrD+tt/uIkw="},"public":{"type":"Buffer","data":"A7jtq2/RtJUfCgiq3qp/f6grNMlMFHkbclikL6OADEQ="}},"signedPreKey":{"keyPair":{"private":{"type":"Buffer","data":"eOnlYCCj7E8KB7y6Xnmb8zyUjkD9Vh0U9LqM3xFHR0c="},"public":{"type":"Buffer","data":"DEwRvmWfqpahAefu1XWyTIRSfazErQNiYTff6i6gOUs="}},"signature":{"type":"Buffer","data":"BFf8C3h5RaRpJ5As980Q03YY9KzcbVs4OsYCt1fnMP6KSXkKf4fKAAdlV8P77Z5g1CVTeYeMq/wdbRBP6guxAA=="},"keyId":1},"registrationId":157,"advSecretKey":"bb79NIguqtDyEryACKQdaJrtwKWLQ6e3gKILm5kJOhE=","processedHistoryMessages":[],"nextPreKeyId":31,"firstUnuploadedPreKeyId":31,"accountSyncCounter":0,"accountSettings":{"unarchiveChats":false},"account":{"details":"CIPcqfMBEPaA8acGGAE=","accountSignatureKey":"cBoAWKnvDDae61I9ou8f+e5cCjagQQiKrRec/qIO/0E=","accountSignature":"94CaVskIDiH6Qxv+m9M6k75a5Hi56aOKMMqBWdINeGuNdGjzm3BXMj1av1Btmy0ss7y1EYczBaTwGkOwSpPyAw==","deviceSignature":"O7w4Z3eodqRY1K1eEIaOyV2+lv6bogbqzp314MrTmx4nQRvykiyyLMimnICaKmeD4IlPHvYu7QuS2JBd1bC3AA=="},"me":{"id":"917050906659:9@s.whatsapp.net","name":"I Am Sid"},"signalIdentities":[{"identifier":{"name":"917050906659:9@s.whatsapp.net","deviceId":0},"identifierKey":{"type":"Buffer","data":"BXAaAFip7ww2nutSPaLvH/nuXAo2oEEIiq0XnP6iDv9B"}}],"platform":"android","lastAccountSyncTimestamp":1694253180,"myAppStateKeyId":"AAAAAHCq"}